study_accession	sample_accession	experiment_accession	run_accession	tax_id	scientific_name	fastq_ftp	submitted_ftp	sra_ftp
PRJEB1683	SAMEA1557407	ERX149133	ERR173170	9823	Sus scrofa	ftp.sra.ebi.ac.uk/vol1/fastq/ERR173/ERR173170/ERR173170.fastq.gz;ftp.sra.ebi.ac.uk/vol1/fastq/ERR173/ERR173170/ERR173170_1.fastq.gz;ftp.sra.ebi.ac.uk/vol1/fastq/ERR173/ERR173170/ERR173170_2.fastq.gz	ftp.sra.ebi.ac.uk/vol1/run/ERR173/ERR173170/DU23M01_Duroc_rh.bam	ftp.sra.ebi.ac.uk/vol1/err/ERR173/ERR173170
PRJEB1683	SAMEA1557419	ERX149134	ERR173171	9823	Sus scrofa	ftp.sra.ebi.ac.uk/vol1/fastq/ERR173/ERR173171/ERR173171.fastq.gz;ftp.sra.ebi.ac.uk/vol1/fastq/ERR173/ERR173171/ERR173171_1.fastq.gz;ftp.sra.ebi.ac.uk/vol1/fastq/ERR173/ERR173171/ERR173171_2.fastq.gz	ftp.sra.ebi.ac.uk/vol1/run/ERR173/ERR173171/DU23M02_Duroc_rh.bam	ftp.sra.ebi.ac.uk/vol1/err/ERR173/ERR173171
PRJEB1683	SAMEA1557423	ERX149135	ERR173172	9823	Sus scrofa	ftp.sra.ebi.ac.uk/vol1/fastq/ERR173/ERR173172/ERR173172.fastq.gz;ftp.sra.ebi.ac.uk/vol1/fastq/ERR173/ERR173172/ERR173172_1.fastq.gz;ftp.sra.ebi.ac.uk/vol1/fastq/ERR173/ERR173172/ERR173172_2.fastq.gz	ftp.sra.ebi.ac.uk/vol1/run/ERR173/ERR173172/DU23M03_Duroc_rh.bam	ftp.sra.ebi.ac.uk/vol1/err/ERR173/ERR173172
PRJEB1683	SAMEA1557434	ERX149136	ERR173173	9823	Sus scrofa	ftp.sra.ebi.ac.uk/vol1/fastq/ERR173/ERR173173/ERR173173.fastq.gz;ftp.sra.ebi.ac.uk/vol1/fastq/ERR173/ERR173173/ERR173173_1.fastq.gz;ftp.sra.ebi.ac.uk/vol1/fastq/ERR173/ERR173173/ERR173173_2.fastq.gz	ftp.sra.ebi.ac.uk/vol1/run/ERR173/ERR173173/DU23M04_Duroc_rh.bam	ftp.sra.ebi.ac.uk/vol1/err/ERR173/ERR173173
PRJEB1683	SAMEA1557391	ERX149137	ERR173174	9823	Sus scrofa	ftp.sra.ebi.ac.uk/vol1/fastq/ERR173/ERR173174/ERR173174.fastq.gz;ftp.sra.ebi.ac.uk/vol1/fastq/ERR173/ERR173174/ERR173174_1.fastq.gz;ftp.sra.ebi.ac.uk/vol1/fastq/ERR173/ERR173174/ERR173174_2.fastq.gz	ftp.sra.ebi.ac.uk/vol1/run/ERR173/ERR173174/HA20U01_Hampshire_rh.bam	ftp.sra.ebi.ac.uk/vol1/err/ERR173/ERR173174
PRJEB1683	SAMEA1557400	ERX149138	ERR173175	9823	Sus scrofa	ftp.sra.ebi.ac.uk/vol1/fastq/ERR173/ERR173175/ERR173175.fastq.gz;ftp.sra.ebi.ac.uk/vol1/fastq/ERR173/ERR173175/ERR173175_1.fastq.gz;ftp.sra.ebi.ac.uk/vol1/fastq/ERR173/ERR173175/ERR173175_2.fastq.gz	ftp.sra.ebi.ac.uk/vol1/run/ERR173/ERR173175/HA20U02_Hampshire_rh.bam	ftp.sra.ebi.ac.uk/vol1/err/ERR173/ERR173175
PRJEB1683	SAMEA1557414	ERX149139	ERR173176	9823	Sus scrofa	ftp.sra.ebi.ac.uk/vol1/fastq/ERR173/ERR173176/ERR173176.fastq.gz;ftp.sra.ebi.ac.uk/vol1/fastq/ERR173/ERR173176/ERR173176_1.fastq.gz;ftp.sra.ebi.ac.uk/vol1/fastq/ERR173/ERR173176/ERR173176_2.fastq.gz	ftp.sra.ebi.ac.uk/vol1/run/ERR173/ERR173176/INDO22_Sumatra_rh.bam	ftp.sra.ebi.ac.uk/vol1/err/ERR173/ERR173176
PRJEB1683	SAMEA1557429	ERX149140	ERR173177	41807	Sus barbatus	ftp.sra.ebi.ac.uk/vol1/fastq/ERR173/ERR173177/ERR173177.fastq.gz;ftp.sra.ebi.ac.uk/vol1/fastq/ERR173/ERR173177/ERR173177_1.fastq.gz;ftp.sra.ebi.ac.uk/vol1/fastq/ERR173/ERR173177/ERR173177_2.fastq.gz	ftp.sra.ebi.ac.uk/vol1/run/ERR173/ERR173177/INDO26_Sbarbatus_rh.bam	ftp.sra.ebi.ac.uk/vol1/err/ERR173/ERR173177
PRJEB1683	SAMEA1557417	ERX149141	ERR173178	9823	Sus scrofa	ftp.sra.ebi.ac.uk/vol1/fastq/ERR173/ERR173178/ERR173178.fastq.gz;ftp.sra.ebi.ac.uk/vol1/fastq/ERR173/ERR173178/ERR173178_1.fastq.gz;ftp.sra.ebi.ac.uk/vol1/fastq/ERR173/ERR173178/ERR173178_2.fastq.gz	ftp.sra.ebi.ac.uk/vol1/run/ERR173/ERR173178/INDO33_Sumatra_rh.bam	ftp.sra.ebi.ac.uk/vol1/err/ERR173/ERR173178
PRJEB1683	SAMEA1557388	ERX149142	ERR173179	9823	Sus scrofa	ftp.sra.ebi.ac.uk/vol1/fastq/ERR173/ERR173179/ERR173179.fastq.gz;ftp.sra.ebi.ac.uk/vol1/fastq/ERR173/ERR173179/ERR173179_1.fastq.gz;ftp.sra.ebi.ac.uk/vol1/fastq/ERR173/ERR173179/ERR173179_2.fastq.gz	ftp.sra.ebi.ac.uk/vol1/run/ERR173/ERR173179/JQ01U02_Jiangquhai_rh.bam	ftp.sra.ebi.ac.uk/vol1/err/ERR173/ERR173179
PRJEB1683	SAMEA1557405	ERX149143	ERR173180	9823	Sus scrofa	ftp.sra.ebi.ac.uk/vol1/fastq/ERR173/ERR173180/ERR173180.fastq.gz;ftp.sra.ebi.ac.uk/vol1/fastq/ERR173/ERR173180/ERR173180_1.fastq.gz;ftp.sra.ebi.ac.uk/vol1/fastq/ERR173/ERR173180/ERR173180_2.fastq.gz	ftp.sra.ebi.ac.uk/vol1/run/ERR173/ERR173180/LR21M03_rh.bam	ftp.sra.ebi.ac.uk/vol1/err/ERR173/ERR173180
PRJEB1683	SAMEA1557416	ERX149144	ERR173181	9823	Sus scrofa	ftp.sra.ebi.ac.uk/vol1/fastq/ERR173/ERR173181/ERR173181.fastq.gz;ftp.sra.ebi.ac.uk/vol1/fastq/ERR173/ERR173181/ERR173181_1.fastq.gz;ftp.sra.ebi.ac.uk/vol1/fastq/ERR173/ERR173181/ERR173181_2.fastq.gz	ftp.sra.ebi.ac.uk/vol1/run/ERR173/ERR173181/LR24F01_rh.bam	ftp.sra.ebi.ac.uk/vol1/err/ERR173/ERR173181
PRJEB1683	SAMEA1557426	ERX149145	ERR173182	9823	Sus scrofa	ftp.sra.ebi.ac.uk/vol1/fastq/ERR173/ERR173182/ERR173182.fastq.gz;ftp.sra.ebi.ac.uk/vol1/fastq/ERR173/ERR173182/ERR173182_1.fastq.gz;ftp.sra.ebi.ac.uk/vol1/fastq/ERR173/ERR173182/ERR173182_2.fastq.gz	ftp.sra.ebi.ac.uk/vol1/run/ERR173/ERR173182/LR24F08_rh.bam	ftp.sra.ebi.ac.uk/vol1/err/ERR173/ERR173182
PRJEB1683	SAMEA1557436	ERX149146	ERR173183	9823	Sus scrofa	ftp.sra.ebi.ac.uk/vol1/fastq/ERR173/ERR173183/ERR173183.fastq.gz;ftp.sra.ebi.ac.uk/vol1/fastq/ERR173/ERR173183/ERR173183_1.fastq.gz;ftp.sra.ebi.ac.uk/vol1/fastq/ERR173/ERR173183/ERR173183_2.fastq.gz	ftp.sra.ebi.ac.uk/vol1/run/ERR173/ERR173183/LR30F02_rh.bam	ftp.sra.ebi.ac.uk/vol1/err/ERR173/ERR173183
PRJEB1683	SAMEA1557390	ERX149147	ERR173184	9823	Sus scrofa	ftp.sra.ebi.ac.uk/vol1/fastq/ERR173/ERR173184/ERR173184.fastq.gz;ftp.sra.ebi.ac.uk/vol1/fastq/ERR173/ERR173184/ERR173184_1.fastq.gz;ftp.sra.ebi.ac.uk/vol1/fastq/ERR173/ERR173184/ERR173184_2.fastq.gz	ftp.sra.ebi.ac.uk/vol1/run/ERR173/ERR173184/LR30F03_rh.bam	ftp.sra.ebi.ac.uk/vol1/err/ERR173/ERR173184
PRJEB1683	SAMEA1557412	ERX149148	ERR173185	9823	Sus scrofa	ftp.sra.ebi.ac.uk/vol1/fastq/ERR173/ERR173185/ERR173185.fastq.gz;ftp.sra.ebi.ac.uk/vol1/fastq/ERR173/ERR173185/ERR173185_1.fastq.gz;ftp.sra.ebi.ac.uk/vol1/fastq/ERR173/ERR173185/ERR173185_2.fastq.gz	ftp.sra.ebi.ac.uk/vol1/run/ERR173/ERR173185/LW22F01_rh.bam	ftp.sra.ebi.ac.uk/vol1/err/ERR173/ERR173185
PRJEB1683	SAMEA1557415	ERX149149	ERR173186	9823	Sus scrofa	ftp.sra.ebi.ac.uk/vol1/fastq/ERR173/ERR173186/ERR173186.fastq.gz;ftp.sra.ebi.ac.uk/vol1/fastq/ERR173/ERR173186/ERR173186_1.fastq.gz;ftp.sra.ebi.ac.uk/vol1/fastq/ERR173/ERR173186/ERR173186_2.fastq.gz	ftp.sra.ebi.ac.uk/vol1/run/ERR173/ERR173186/LW22F02_rh.bam	ftp.sra.ebi.ac.uk/vol1/err/ERR173/ERR173186
PRJEB1683	SAMEA1557431	ERX149150	ERR173187	9823	Sus scrofa	ftp.sra.ebi.ac.uk/vol1/fastq/ERR173/ERR173187/ERR173187.fastq.gz;ftp.sra.ebi.ac.uk/vol1/fastq/ERR173/ERR173187/ERR173187_1.fastq.gz;ftp.sra.ebi.ac.uk/vol1/fastq/ERR173/ERR173187/ERR173187_2.fastq.gz	ftp.sra.ebi.ac.uk/vol1/run/ERR173/ERR173187/LW22F03_rh.bam	ftp.sra.ebi.ac.uk/vol1/err/ERR173/ERR173187
PRJEB1683	SAMEA1557413	ERX149151	ERR173188	9823	Sus scrofa	ftp.sra.ebi.ac.uk/vol1/fastq/ERR173/ERR173188/ERR173188.fastq.gz;ftp.sra.ebi.ac.uk/vol1/fastq/ERR173/ERR173188/ERR173188_1.fastq.gz;ftp.sra.ebi.ac.uk/vol1/fastq/ERR173/ERR173188/ERR173188_2.fastq.gz	ftp.sra.ebi.ac.uk/vol1/run/ERR173/ERR173188/LW22F04_rh.bam	ftp.sra.ebi.ac.uk/vol1/err/ERR173/ERR173188
PRJEB1683	SAMEA1557402	ERX149152	ERR173189	9823	Sus scrofa	ftp.sra.ebi.ac.uk/vol1/fastq/ERR173/ERR173189/ERR173189.fastq.gz;ftp.sra.ebi.ac.uk/vol1/fastq/ERR173/ERR173189/ERR173189_1.fastq.gz;ftp.sra.ebi.ac.uk/vol1/fastq/ERR173/ERR173189/ERR173189_2.fastq.gz	ftp.sra.ebi.ac.uk/vol1/run/ERR173/ERR173189/LW22F06_rh.bam	ftp.sra.ebi.ac.uk/vol1/err/ERR173/ERR173189
PRJEB1683	SAMEA1557389	ERX149153	ERR173190	9823	Sus scrofa	ftp.sra.ebi.ac.uk/vol1/fastq/ERR173/ERR173190/ERR173190.fastq.gz;ftp.sra.ebi.ac.uk/vol1/fastq/ERR173/ERR173190/ERR173190_1.fastq.gz;ftp.sra.ebi.ac.uk/vol1/fastq/ERR173/ERR173190/ERR173190_2.fastq.gz	ftp.sra.ebi.ac.uk/vol1/run/ERR173/ERR173190/LW22F07_rh.bam	ftp.sra.ebi.ac.uk/vol1/err/ERR173/ERR173190
PRJEB1683	SAMEA1557435	ERX149154	ERR173191	9823	Sus scrofa	ftp.sra.ebi.ac.uk/vol1/fastq/ERR173/ERR173191/ERR173191.fastq.gz;ftp.sra.ebi.ac.uk/vol1/fastq/ERR173/ERR173191/ERR173191_1.fastq.gz;ftp.sra.ebi.ac.uk/vol1/fastq/ERR173/ERR173191/ERR173191_2.fastq.gz	ftp.sra.ebi.ac.uk/vol1/run/ERR173/ERR173191/LW22M04_rh.bam	ftp.sra.ebi.ac.uk/vol1/err/ERR173/ERR173191
PRJEB1683	SAMEA1557422	ERX149155	ERR173192	9823	Sus scrofa	ftp.sra.ebi.ac.uk/vol1/fastq/ERR173/ERR173192/ERR173192.fastq.gz;ftp.sra.ebi.ac.uk/vol1/fastq/ERR173/ERR173192/ERR173192_1.fastq.gz;ftp.sra.ebi.ac.uk/vol1/fastq/ERR173/ERR173192/ERR173192_2.fastq.gz	ftp.sra.ebi.ac.uk/vol1/run/ERR173/ERR173192/LW22M07_rh.bam	ftp.sra.ebi.ac.uk/vol1/err/ERR173/ERR173192
PRJEB1683	SAMEA1557406	ERX149156	ERR173193	9823	Sus scrofa	ftp.sra.ebi.ac.uk/vol1/fastq/ERR173/ERR173193/ERR173193.fastq.gz;ftp.sra.ebi.ac.uk/vol1/fastq/ERR173/ERR173193/ERR173193_1.fastq.gz;ftp.sra.ebi.ac.uk/vol1/fastq/ERR173/ERR173193/ERR173193_2.fastq.gz	ftp.sra.ebi.ac.uk/vol1/run/ERR173/ERR173193/LW36F01_rh.bam	ftp.sra.ebi.ac.uk/vol1/err/ERR173/ERR173193
PRJEB1683	SAMEA1557404	ERX149157	ERR173194	9823	Sus scrofa	ftp.sra.ebi.ac.uk/vol1/fastq/ERR173/ERR173194/ERR173194.fastq.gz;ftp.sra.ebi.ac.uk/vol1/fastq/ERR173/ERR173194/ERR173194_1.fastq.gz;ftp.sra.ebi.ac.uk/vol1/fastq/ERR173/ERR173194/ERR173194_2.fastq.gz	ftp.sra.ebi.ac.uk/vol1/run/ERR173/ERR173194/LW36F02_rh.bam	ftp.sra.ebi.ac.uk/vol1/err/ERR173/ERR173194
PRJEB1683	SAMEA1557383	ERX149158	ERR173195	9823	Sus scrofa	ftp.sra.ebi.ac.uk/vol1/fastq/ERR173/ERR173195/ERR173195.fastq.gz;ftp.sra.ebi.ac.uk/vol1/fastq/ERR173/ERR173195/ERR173195_1.fastq.gz;ftp.sra.ebi.ac.uk/vol1/fastq/ERR173/ERR173195/ERR173195_2.fastq.gz	ftp.sra.ebi.ac.uk/vol1/run/ERR173/ERR173195/LW36F03_rh.bam	ftp.sra.ebi.ac.uk/vol1/err/ERR173/ERR173195
PRJEB1683	SAMEA1557425	ERX149159	ERR173196	9823	Sus scrofa	ftp.sra.ebi.ac.uk/vol1/fastq/ERR173/ERR173196/ERR173196.fastq.gz;ftp.sra.ebi.ac.uk/vol1/fastq/ERR173/ERR173196/ERR173196_1.fastq.gz;ftp.sra.ebi.ac.uk/vol1/fastq/ERR173/ERR173196/ERR173196_2.fastq.gz	ftp.sra.ebi.ac.uk/vol1/run/ERR173/ERR173196/LW36F04_rh.bam	ftp.sra.ebi.ac.uk/vol1/err/ERR173/ERR173196
PRJEB1683	SAMEA1557427	ERX149160	ERR173197	9823	Sus scrofa	ftp.sra.ebi.ac.uk/vol1/fastq/ERR173/ERR173197/ERR173197.fastq.gz;ftp.sra.ebi.ac.uk/vol1/fastq/ERR173/ERR173197/ERR173197_1.fastq.gz;ftp.sra.ebi.ac.uk/vol1/fastq/ERR173/ERR173197/ERR173197_2.fastq.gz	ftp.sra.ebi.ac.uk/vol1/run/ERR173/ERR173197/LW36F05_rh.bam	ftp.sra.ebi.ac.uk/vol1/err/ERR173/ERR173197
PRJEB1683	SAMEA1557399	ERX149161	ERR173198	9823	Sus scrofa	ftp.sra.ebi.ac.uk/vol1/fastq/ERR173/ERR173198/ERR173198.fastq.gz;ftp.sra.ebi.ac.uk/vol1/fastq/ERR173/ERR173198/ERR173198_1.fastq.gz;ftp.sra.ebi.ac.uk/vol1/fastq/ERR173/ERR173198/ERR173198_2.fastq.gz	ftp.sra.ebi.ac.uk/vol1/run/ERR173/ERR173198/LW36F06_rh.bam	ftp.sra.ebi.ac.uk/vol1/err/ERR173/ERR173198
PRJEB1683	SAMEA1557420	ERX149162	ERR173199	9823	Sus scrofa	ftp.sra.ebi.ac.uk/vol1/fastq/ERR173/ERR173199/ERR173199.fastq.gz;ftp.sra.ebi.ac.uk/vol1/fastq/ERR173/ERR173199/ERR173199_1.fastq.gz;ftp.sra.ebi.ac.uk/vol1/fastq/ERR173/ERR173199/ERR173199_2.fastq.gz	ftp.sra.ebi.ac.uk/vol1/run/ERR173/ERR173199/MS20U10_Meishan_rh.bam	ftp.sra.ebi.ac.uk/vol1/err/ERR173/ERR173199
PRJEB1683	SAMEA1557428	ERX149163	ERR173200	9823	Sus scrofa	ftp.sra.ebi.ac.uk/vol1/fastq/ERR173/ERR173200/ERR173200.fastq.gz;ftp.sra.ebi.ac.uk/vol1/fastq/ERR173/ERR173200/ERR173200_1.fastq.gz;ftp.sra.ebi.ac.uk/vol1/fastq/ERR173/ERR173200/ERR173200_2.fastq.gz	ftp.sra.ebi.ac.uk/vol1/run/ERR173/ERR173200/MS20U11_Meishan_rh.bam	ftp.sra.ebi.ac.uk/vol1/err/ERR173/ERR173200
PRJEB1683	SAMEA1557395	ERX149164	ERR173201	9823	Sus scrofa	ftp.sra.ebi.ac.uk/vol1/fastq/ERR173/ERR173201/ERR173201.fastq.gz;ftp.sra.ebi.ac.uk/vol1/fastq/ERR173/ERR173201/ERR173201_1.fastq.gz;ftp.sra.ebi.ac.uk/vol1/fastq/ERR173/ERR173201/ERR173201_2.fastq.gz	ftp.sra.ebi.ac.uk/vol1/run/ERR173/ERR173201/MS21M07_Meishan_rh.bam	ftp.sra.ebi.ac.uk/vol1/err/ERR173/ERR173201
PRJEB1683	SAMEA1557410	ERX149165	ERR173202	9823	Sus scrofa	ftp.sra.ebi.ac.uk/vol1/fastq/ERR173/ERR173202/ERR173202.fastq.gz;ftp.sra.ebi.ac.uk/vol1/fastq/ERR173/ERR173202/ERR173202_1.fastq.gz;ftp.sra.ebi.ac.uk/vol1/fastq/ERR173/ERR173202/ERR173202_2.fastq.gz	ftp.sra.ebi.ac.uk/vol1/run/ERR173/ERR173202/MS21M14_Meishan_rh.bam	ftp.sra.ebi.ac.uk/vol1/err/ERR173/ERR173202
PRJEB1683	SAMEA1557418	ERX149166	ERR173203	41426	Phacochoerus africanus	ftp.sra.ebi.ac.uk/vol1/fastq/ERR173/ERR173203/ERR173203.fastq.gz;ftp.sra.ebi.ac.uk/vol1/fastq/ERR173/ERR173203/ERR173203_1.fastq.gz;ftp.sra.ebi.ac.uk/vol1/fastq/ERR173/ERR173203/ERR173203_2.fastq.gz	ftp.sra.ebi.ac.uk/vol1/run/ERR173/ERR173203/OM001_Warthog_rh.bam	ftp.sra.ebi.ac.uk/vol1/err/ERR173/ERR173203
PRJEB1683	SAMEA1557430	ERX149167	ERR173204	9823	Sus scrofa	ftp.sra.ebi.ac.uk/vol1/fastq/ERR173/ERR173204/ERR173204.fastq.gz;ftp.sra.ebi.ac.uk/vol1/fastq/ERR173/ERR173204/ERR173204_1.fastq.gz;ftp.sra.ebi.ac.uk/vol1/fastq/ERR173/ERR173204/ERR173204_2.fastq.gz	ftp.sra.ebi.ac.uk/vol1/run/ERR173/ERR173204/PI21F02_rh.bam	ftp.sra.ebi.ac.uk/vol1/err/ERR173/ERR173204
PRJEB1683	SAMEA1557432	ERX149168	ERR173205	9823	Sus scrofa	ftp.sra.ebi.ac.uk/vol1/fastq/ERR173/ERR173205/ERR173205.fastq.gz;ftp.sra.ebi.ac.uk/vol1/fastq/ERR173/ERR173205/ERR173205_1.fastq.gz;ftp.sra.ebi.ac.uk/vol1/fastq/ERR173/ERR173205/ERR173205_2.fastq.gz	ftp.sra.ebi.ac.uk/vol1/run/ERR173/ERR173205/PI21F06_rh.bam	ftp.sra.ebi.ac.uk/vol1/err/ERR173/ERR173205
PRJEB1683	SAMEA1557392	ERX149169	ERR173206	9823	Sus scrofa	ftp.sra.ebi.ac.uk/vol1/fastq/ERR173/ERR173206/ERR173206.fastq.gz;ftp.sra.ebi.ac.uk/vol1/fastq/ERR173/ERR173206/ERR173206_1.fastq.gz;ftp.sra.ebi.ac.uk/vol1/fastq/ERR173/ERR173206/ERR173206_2.fastq.gz	ftp.sra.ebi.ac.uk/vol1/run/ERR173/ERR173206/PI21M17_rh.bam	ftp.sra.ebi.ac.uk/vol1/err/ERR173/ERR173206
PRJEB1683	SAMEA1557408	ERX149170	ERR173207	9823	Sus scrofa	ftp.sra.ebi.ac.uk/vol1/fastq/ERR173/ERR173207/ERR173207.fastq.gz;ftp.sra.ebi.ac.uk/vol1/fastq/ERR173/ERR173207/ERR173207_1.fastq.gz;ftp.sra.ebi.ac.uk/vol1/fastq/ERR173/ERR173207/ERR173207_2.fastq.gz	ftp.sra.ebi.ac.uk/vol1/run/ERR173/ERR173207/PI21M20_rh.bam	ftp.sra.ebi.ac.uk/vol1/err/ERR173/ERR173207
PRJEB1683	SAMEA1557397	ERX149171	ERR173208	9823	Sus scrofa	ftp.sra.ebi.ac.uk/vol1/fastq/ERR173/ERR173208/ERR173208.fastq.gz;ftp.sra.ebi.ac.uk/vol1/fastq/ERR173/ERR173208/ERR173208_1.fastq.gz;ftp.sra.ebi.ac.uk/vol1/fastq/ERR173/ERR173208/ERR173208_2.fastq.gz	ftp.sra.ebi.ac.uk/vol1/run/ERR173/ERR173208/PI21M21_rh.bam	ftp.sra.ebi.ac.uk/vol1/err/ERR173/ERR173208
PRJEB1683	SAMEA1557409	ERX149172	ERR173209	315377	Sus cebifrons	ftp.sra.ebi.ac.uk/vol1/fastq/ERR173/ERR173209/ERR173209.fastq.gz;ftp.sra.ebi.ac.uk/vol1/fastq/ERR173/ERR173209/ERR173209_1.fastq.gz;ftp.sra.ebi.ac.uk/vol1/fastq/ERR173/ERR173209/ERR173209_2.fastq.gz	ftp.sra.ebi.ac.uk/vol1/run/ERR173/ERR173209/SCEB01F01_Scebifrons_rh.bam	ftp.sra.ebi.ac.uk/vol1/err/ERR173/ERR173209
PRJEB1683	SAMEA1557393	ERX149173	ERR173210	273789	Sus celebensis	ftp.sra.ebi.ac.uk/vol1/fastq/ERR173/ERR173210/ERR173210.fastq.gz;ftp.sra.ebi.ac.uk/vol1/fastq/ERR173/ERR173210/ERR173210_1.fastq.gz;ftp.sra.ebi.ac.uk/vol1/fastq/ERR173/ERR173210/ERR173210_2.fastq.gz	ftp.sra.ebi.ac.uk/vol1/run/ERR173/ERR173210/Scelebensis_rh.bam	ftp.sra.ebi.ac.uk/vol1/err/ERR173/ERR173210
PRJEB1683	SAMEA1557384	ERX149174	ERR173211	159856	Sus verrucosus	ftp.sra.ebi.ac.uk/vol1/fastq/ERR173/ERR173211/ERR173211.fastq.gz;ftp.sra.ebi.ac.uk/vol1/fastq/ERR173/ERR173211/ERR173211_1.fastq.gz;ftp.sra.ebi.ac.uk/vol1/fastq/ERR173/ERR173211/ERR173211_2.fastq.gz	ftp.sra.ebi.ac.uk/vol1/run/ERR173/ERR173211/Sverrucosus_rh.bam	ftp.sra.ebi.ac.uk/vol1/err/ERR173/ERR173211
PRJEB1683	SAMEA1557411	ERX149175	ERR173212	9823	Sus scrofa	ftp.sra.ebi.ac.uk/vol1/fastq/ERR173/ERR173212/ERR173212.fastq.gz;ftp.sra.ebi.ac.uk/vol1/fastq/ERR173/ERR173212/ERR173212_1.fastq.gz;ftp.sra.ebi.ac.uk/vol1/fastq/ERR173/ERR173212/ERR173212_2.fastq.gz	ftp.sra.ebi.ac.uk/vol1/run/ERR173/ERR173212/WB20U02_Japan_rh.bam	ftp.sra.ebi.ac.uk/vol1/err/ERR173/ERR173212
PRJEB1683	SAMEA1557424	ERX149176	ERR173213	9823	Sus scrofa	ftp.sra.ebi.ac.uk/vol1/fastq/ERR173/ERR173213/ERR173213.fastq.gz;ftp.sra.ebi.ac.uk/vol1/fastq/ERR173/ERR173213/ERR173213_1.fastq.gz;ftp.sra.ebi.ac.uk/vol1/fastq/ERR173/ERR173213/ERR173213_2.fastq.gz	ftp.sra.ebi.ac.uk/vol1/run/ERR173/ERR173213/WB21F05_Netherlands_rh.bam	ftp.sra.ebi.ac.uk/vol1/err/ERR173/ERR173213
PRJEB1683	SAMEA1557433	ERX149177	ERR173214	9823	Sus scrofa	ftp.sra.ebi.ac.uk/vol1/fastq/ERR173/ERR173214/ERR173214.fastq.gz;ftp.sra.ebi.ac.uk/vol1/fastq/ERR173/ERR173214/ERR173214_1.fastq.gz;ftp.sra.ebi.ac.uk/vol1/fastq/ERR173/ERR173214/ERR173214_2.fastq.gz	ftp.sra.ebi.ac.uk/vol1/run/ERR173/ERR173214/WB21M03_Netherlands_rh.bam	ftp.sra.ebi.ac.uk/vol1/err/ERR173/ERR173214
PRJEB1683	SAMEA1557394	ERX149178	ERR173215	9823	Sus scrofa	ftp.sra.ebi.ac.uk/vol1/fastq/ERR173/ERR173215/ERR173215.fastq.gz;ftp.sra.ebi.ac.uk/vol1/fastq/ERR173/ERR173215/ERR173215_1.fastq.gz;ftp.sra.ebi.ac.uk/vol1/fastq/ERR173/ERR173215/ERR173215_2.fastq.gz	ftp.sra.ebi.ac.uk/vol1/run/ERR173/ERR173215/WB22F01_NL_rh.bam	ftp.sra.ebi.ac.uk/vol1/err/ERR173/ERR173215
PRJEB1683	SAMEA1557387	ERX149179	ERR173216	9823	Sus scrofa	ftp.sra.ebi.ac.uk/vol1/fastq/ERR173/ERR173216/ERR173216.fastq.gz;ftp.sra.ebi.ac.uk/vol1/fastq/ERR173/ERR173216/ERR173216_1.fastq.gz;ftp.sra.ebi.ac.uk/vol1/fastq/ERR173/ERR173216/ERR173216_2.fastq.gz	ftp.sra.ebi.ac.uk/vol1/run/ERR173/ERR173216/WB22F02_NL_rh.bam	ftp.sra.ebi.ac.uk/vol1/err/ERR173/ERR173216
PRJEB1683	SAMEA1557401	ERX149180	ERR173217	9823	Sus scrofa	ftp.sra.ebi.ac.uk/vol1/fastq/ERR173/ERR173217/ERR173217.fastq.gz;ftp.sra.ebi.ac.uk/vol1/fastq/ERR173/ERR173217/ERR173217_1.fastq.gz;ftp.sra.ebi.ac.uk/vol1/fastq/ERR173/ERR173217/ERR173217_2.fastq.gz	ftp.sra.ebi.ac.uk/vol1/run/ERR173/ERR173217/WB25U11_rh.bam	ftp.sra.ebi.ac.uk/vol1/err/ERR173/ERR173217
PRJEB1683	SAMEA1557403	ERX149181	ERR173218	9823	Sus scrofa	ftp.sra.ebi.ac.uk/vol1/fastq/ERR173/ERR173218/ERR173218.fastq.gz;ftp.sra.ebi.ac.uk/vol1/fastq/ERR173/ERR173218/ERR173218_1.fastq.gz;ftp.sra.ebi.ac.uk/vol1/fastq/ERR173/ERR173218/ERR173218_2.fastq.gz	ftp.sra.ebi.ac.uk/vol1/run/ERR173/ERR173218/WB26M09_Malcantone_rh.bam	ftp.sra.ebi.ac.uk/vol1/err/ERR173/ERR173218
PRJEB1683	SAMEA1557386	ERX149182	ERR173219	9823	Sus scrofa	ftp.sra.ebi.ac.uk/vol1/fastq/ERR173/ERR173219/ERR173219.fastq.gz;ftp.sra.ebi.ac.uk/vol1/fastq/ERR173/ERR173219/ERR173219_1.fastq.gz;ftp.sra.ebi.ac.uk/vol1/fastq/ERR173/ERR173219/ERR173219_2.fastq.gz	ftp.sra.ebi.ac.uk/vol1/run/ERR173/ERR173219/WB29U04_SChina_rh.bam	ftp.sra.ebi.ac.uk/vol1/err/ERR173/ERR173219
PRJEB1683	SAMEA1557396	ERX149183	ERR173220	9823	Sus scrofa	ftp.sra.ebi.ac.uk/vol1/fastq/ERR173/ERR173220/ERR173220.fastq.gz;ftp.sra.ebi.ac.uk/vol1/fastq/ERR173/ERR173220/ERR173220_1.fastq.gz;ftp.sra.ebi.ac.uk/vol1/fastq/ERR173/ERR173220/ERR173220_2.fastq.gz	ftp.sra.ebi.ac.uk/vol1/run/ERR173/ERR173220/WB29U12_SChina_rh.bam	ftp.sra.ebi.ac.uk/vol1/err/ERR173/ERR173220
PRJEB1683	SAMEA1557437	ERX149184	ERR173221	9823	Sus scrofa	ftp.sra.ebi.ac.uk/vol1/fastq/ERR173/ERR173221/ERR173221.fastq.gz;ftp.sra.ebi.ac.uk/vol1/fastq/ERR173/ERR173221/ERR173221_1.fastq.gz;ftp.sra.ebi.ac.uk/vol1/fastq/ERR173/ERR173221/ERR173221_2.fastq.gz	ftp.sra.ebi.ac.uk/vol1/run/ERR173/ERR173221/WB30U01_NChina_rh.bam	ftp.sra.ebi.ac.uk/vol1/err/ERR173/ERR173221
PRJEB1683	SAMEA1557421	ERX149185	ERR173222	9823	Sus scrofa	ftp.sra.ebi.ac.uk/vol1/fastq/ERR173/ERR173222/ERR173222.fastq.gz;ftp.sra.ebi.ac.uk/vol1/fastq/ERR173/ERR173222/ERR173222_1.fastq.gz;ftp.sra.ebi.ac.uk/vol1/fastq/ERR173/ERR173222/ERR173222_2.fastq.gz	ftp.sra.ebi.ac.uk/vol1/run/ERR173/ERR173222/WB30U08_NChina_rh.bam	ftp.sra.ebi.ac.uk/vol1/err/ERR173/ERR173222
PRJEB1683	SAMEA1557398	ERX149186	ERR173223	9823	Sus scrofa	ftp.sra.ebi.ac.uk/vol1/fastq/ERR173/ERR173223/ERR173223.fastq.gz;ftp.sra.ebi.ac.uk/vol1/fastq/ERR173/ERR173223/ERR173223_1.fastq.gz;ftp.sra.ebi.ac.uk/vol1/fastq/ERR173/ERR173223/ERR173223_2.fastq.gz	ftp.sra.ebi.ac.uk/vol1/run/ERR173/ERR173223/XI01U03_rh.bam	ftp.sra.ebi.ac.uk/vol1/err/ERR173/ERR173223
PRJEB1683	SAMEA1557385	ERX149187	ERR173224	9823	Sus scrofa	ftp.sra.ebi.ac.uk/vol1/fastq/ERR173/ERR173224/ERR173224.fastq.gz;ftp.sra.ebi.ac.uk/vol1/fastq/ERR173/ERR173224/ERR173224_1.fastq.gz;ftp.sra.ebi.ac.uk/vol1/fastq/ERR173/ERR173224/ERR173224_2.fastq.gz	ftp.sra.ebi.ac.uk/vol1/run/ERR173/ERR173224/XI01U04_Xiang_rh.bam	ftp.sra.ebi.ac.uk/vol1/err/ERR173/ERR173224
PRJEB1683	SAMEA2612507	ERX509421	ERR544830	9823	Sus scrofa	ftp.sra.ebi.ac.uk/vol1/fastq/ERR544/ERR544830/ERR544830.fastq.gz;ftp.sra.ebi.ac.uk/vol1/fastq/ERR544/ERR544830/ERR544830_1.fastq.gz;ftp.sra.ebi.ac.uk/vol1/fastq/ERR544/ERR544830/ERR544830_2.fastq.gz	ftp.sra.ebi.ac.uk/vol1/run/ERR544/ERR544830/MS20M03_Meishan_rh.bam	ftp.sra.ebi.ac.uk/vol1/err/ERR544/ERR544830
PRJEB1683	SAMEA2612508	ERX509422	ERR544831	9823	Sus scrofa	ftp.sra.ebi.ac.uk/vol1/fastq/ERR544/ERR544831/ERR544831.fastq.gz;ftp.sra.ebi.ac.uk/vol1/fastq/ERR544/ERR544831/ERR544831_1.fastq.gz;ftp.sra.ebi.ac.uk/vol1/fastq/ERR544/ERR544831/ERR544831_2.fastq.gz	ftp.sra.ebi.ac.uk/vol1/run/ERR544/ERR544831/MS20M05_Meishan_rh.bam	ftp.sra.ebi.ac.uk/vol1/err/ERR544/ERR544831
PRJEB1683	SAMEA2612509	ERX509423	ERR544832	9823	Sus scrofa	ftp.sra.ebi.ac.uk/vol1/fastq/ERR544/ERR544832/ERR544832.fastq.gz;ftp.sra.ebi.ac.uk/vol1/fastq/ERR544/ERR544832/ERR544832_1.fastq.gz;ftp.sra.ebi.ac.uk/vol1/fastq/ERR544/ERR544832/ERR544832_2.fastq.gz	ftp.sra.ebi.ac.uk/vol1/run/ERR544/ERR544832/MS20U13_Meishan_rh.bam	ftp.sra.ebi.ac.uk/vol1/err/ERR544/ERR544832
PRJEB1683	SAMEA2612510	ERX509424	ERR544833	9823	Sus scrofa	ftp.sra.ebi.ac.uk/vol1/fastq/ERR544/ERR544833/ERR544833.fastq.gz;ftp.sra.ebi.ac.uk/vol1/fastq/ERR544/ERR544833/ERR544833_1.fastq.gz;ftp.sra.ebi.ac.uk/vol1/fastq/ERR544/ERR544833/ERR544833_2.fastq.gz	ftp.sra.ebi.ac.uk/vol1/run/ERR544/ERR544833/MS21M01_Meishan_rh.bam	ftp.sra.ebi.ac.uk/vol1/err/ERR544/ERR544833
PRJEB1683	SAMEA2612511	ERX509425	ERR544834	9823	Sus scrofa	ftp.sra.ebi.ac.uk/vol1/fastq/ERR544/ERR544834/ERR544834.fastq.gz;ftp.sra.ebi.ac.uk/vol1/fastq/ERR544/ERR544834/ERR544834_1.fastq.gz;ftp.sra.ebi.ac.uk/vol1/fastq/ERR544/ERR544834/ERR544834_2.fastq.gz	ftp.sra.ebi.ac.uk/vol1/run/ERR544/ERR544834/MS21M05_Meishan_rh.bam	ftp.sra.ebi.ac.uk/vol1/err/ERR544/ERR544834
PRJEB1683	SAMEA2612512	ERX509426	ERR544835	9823	Sus scrofa	ftp.sra.ebi.ac.uk/vol1/fastq/ERR544/ERR544835/ERR544835.fastq.gz;ftp.sra.ebi.ac.uk/vol1/fastq/ERR544/ERR544835/ERR544835_1.fastq.gz;ftp.sra.ebi.ac.uk/vol1/fastq/ERR544/ERR544835/ERR544835_2.fastq.gz	ftp.sra.ebi.ac.uk/vol1/run/ERR544/ERR544835/MS21M08_Meishan_rh.bam	ftp.sra.ebi.ac.uk/vol1/err/ERR544/ERR544835
PRJEB1683	SAMEA2612513	ERX509427	ERR544836	9823	Sus scrofa	ftp.sra.ebi.ac.uk/vol1/fastq/ERR544/ERR544836/ERR544836.fastq.gz;ftp.sra.ebi.ac.uk/vol1/fastq/ERR544/ERR544836/ERR544836_1.fastq.gz;ftp.sra.ebi.ac.uk/vol1/fastq/ERR544/ERR544836/ERR544836_2.fastq.gz	ftp.sra.ebi.ac.uk/vol1/run/ERR544/ERR544836/WB21F03_rh.bam	ftp.sra.ebi.ac.uk/vol1/err/ERR544/ERR544836
PRJEB1683	SAMEA2612514	ERX509428	ERR544837	9823	Sus scrofa	ftp.sra.ebi.ac.uk/vol1/fastq/ERR544/ERR544837/ERR544837.fastq.gz;ftp.sra.ebi.ac.uk/vol1/fastq/ERR544/ERR544837/ERR544837_1.fastq.gz;ftp.sra.ebi.ac.uk/vol1/fastq/ERR544/ERR544837/ERR544837_2.fastq.gz	ftp.sra.ebi.ac.uk/vol1/run/ERR544/ERR544837/WB21F04_rh.bam	ftp.sra.ebi.ac.uk/vol1/err/ERR544/ERR544837
PRJEB1683	SAMEA2612515	ERX509429	ERR544838	9823	Sus scrofa	ftp.sra.ebi.ac.uk/vol1/fastq/ERR544/ERR544838/ERR544838.fastq.gz;ftp.sra.ebi.ac.uk/vol1/fastq/ERR544/ERR544838/ERR544838_1.fastq.gz;ftp.sra.ebi.ac.uk/vol1/fastq/ERR544/ERR544838/ERR544838_2.fastq.gz	ftp.sra.ebi.ac.uk/vol1/run/ERR544/ERR544838/WB21M05_rh.bam	ftp.sra.ebi.ac.uk/vol1/err/ERR544/ERR544838
PRJEB1683	SAMEA2612516	ERX509430	ERR544839	9823	Sus scrofa	ftp.sra.ebi.ac.uk/vol1/fastq/ERR544/ERR544839/ERR544839.fastq.gz;ftp.sra.ebi.ac.uk/vol1/fastq/ERR544/ERR544839/ERR544839_1.fastq.gz;ftp.sra.ebi.ac.uk/vol1/fastq/ERR544/ERR544839/ERR544839_2.fastq.gz	ftp.sra.ebi.ac.uk/vol1/run/ERR544/ERR544839/WB22F03_rh.bam	ftp.sra.ebi.ac.uk/vol1/err/ERR544/ERR544839
PRJEB1683	SAMEA2612517	ERX509431	ERR544840	9823	Sus scrofa	ftp.sra.ebi.ac.uk/vol1/fastq/ERR544/ERR544840/ERR544840.fastq.gz;ftp.sra.ebi.ac.uk/vol1/fastq/ERR544/ERR544840/ERR544840_1.fastq.gz;ftp.sra.ebi.ac.uk/vol1/fastq/ERR544/ERR544840/ERR544840_2.fastq.gz	ftp.sra.ebi.ac.uk/vol1/run/ERR544/ERR544840/WB22F04_rh.bam	ftp.sra.ebi.ac.uk/vol1/err/ERR544/ERR544840
PRJEB1683	SAMEA2612518	ERX509432	ERR544841	9823	Sus scrofa	ftp.sra.ebi.ac.uk/vol1/fastq/ERR544/ERR544841/ERR544841.fastq.gz;ftp.sra.ebi.ac.uk/vol1/fastq/ERR544/ERR544841/ERR544841_1.fastq.gz;ftp.sra.ebi.ac.uk/vol1/fastq/ERR544/ERR544841/ERR544841_2.fastq.gz	ftp.sra.ebi.ac.uk/vol1/run/ERR544/ERR544841/WB22M03_rh.bam	ftp.sra.ebi.ac.uk/vol1/err/ERR544/ERR544841
PRJEB1683	SAMEA2612519	ERX509433	ERR544842	9823	Sus scrofa	ftp.sra.ebi.ac.uk/vol1/fastq/ERR544/ERR544842/ERR544842.fastq.gz;ftp.sra.ebi.ac.uk/vol1/fastq/ERR544/ERR544842/ERR544842_1.fastq.gz;ftp.sra.ebi.ac.uk/vol1/fastq/ERR544/ERR544842/ERR544842_2.fastq.gz	ftp.sra.ebi.ac.uk/vol1/run/ERR544/ERR544842/WB29U14_WBSChina_rh.bam	ftp.sra.ebi.ac.uk/vol1/err/ERR544/ERR544842
PRJEB1683	SAMEA2612520	ERX509434	ERR544843	9823	Sus scrofa	ftp.sra.ebi.ac.uk/vol1/fastq/ERR544/ERR544843/ERR544843.fastq.gz;ftp.sra.ebi.ac.uk/vol1/fastq/ERR544/ERR544843/ERR544843_1.fastq.gz;ftp.sra.ebi.ac.uk/vol1/fastq/ERR544/ERR544843/ERR544843_2.fastq.gz	ftp.sra.ebi.ac.uk/vol1/run/ERR544/ERR544843/WB29U16_WBSChina_rh.bam	ftp.sra.ebi.ac.uk/vol1/err/ERR544/ERR544843
PRJEB1683	SAMEA2612521	ERX509435	ERR544844	9823	Sus scrofa	ftp.sra.ebi.ac.uk/vol1/fastq/ERR544/ERR544844/ERR544844.fastq.gz;ftp.sra.ebi.ac.uk/vol1/fastq/ERR544/ERR544844/ERR544844_1.fastq.gz;ftp.sra.ebi.ac.uk/vol1/fastq/ERR544/ERR544844/ERR544844_2.fastq.gz	ftp.sra.ebi.ac.uk/vol1/run/ERR544/ERR544844/WB30U09_WBNChina_rh.bam	ftp.sra.ebi.ac.uk/vol1/err/ERR544/ERR544844
PRJEB1683	SAMEA2612522	ERX509436	ERR544845	9823	Sus scrofa	ftp.sra.ebi.ac.uk/vol1/fastq/ERR544/ERR544845/ERR544845.fastq.gz;ftp.sra.ebi.ac.uk/vol1/fastq/ERR544/ERR544845/ERR544845_1.fastq.gz;ftp.sra.ebi.ac.uk/vol1/fastq/ERR544/ERR544845/ERR544845_2.fastq.gz	ftp.sra.ebi.ac.uk/vol1/run/ERR544/ERR544845/WB33U04_WBSamos_rh.bam	ftp.sra.ebi.ac.uk/vol1/err/ERR544/ERR544845
PRJEB1683	SAMEA2612523	ERX509437	ERR544846	9823	Sus scrofa	ftp.sra.ebi.ac.uk/vol1/fastq/ERR544/ERR544846/ERR544846.fastq.gz;ftp.sra.ebi.ac.uk/vol1/fastq/ERR544/ERR544846/ERR544846_1.fastq.gz;ftp.sra.ebi.ac.uk/vol1/fastq/ERR544/ERR544846/ERR544846_2.fastq.gz	ftp.sra.ebi.ac.uk/vol1/run/ERR544/ERR544846/WB33U05_WBSamos_rh.bam	ftp.sra.ebi.ac.uk/vol1/err/ERR544/ERR544846
PRJEB1683	SAMEA2612524	ERX509438	ERR544847	9823	Sus scrofa	ftp.sra.ebi.ac.uk/vol1/fastq/ERR544/ERR544847/ERR544847.fastq.gz;ftp.sra.ebi.ac.uk/vol1/fastq/ERR544/ERR544847/ERR544847_1.fastq.gz;ftp.sra.ebi.ac.uk/vol1/fastq/ERR544/ERR544847/ERR544847_2.fastq.gz	ftp.sra.ebi.ac.uk/vol1/run/ERR544/ERR544847/WB42M09_WBItaly_rh.bam	ftp.sra.ebi.ac.uk/vol1/err/ERR544/ERR544847
PRJEB1683	SAMEA2612525	ERX509439	ERR544848	9823	Sus scrofa	ftp.sra.ebi.ac.uk/vol1/fastq/ERR544/ERR544848/ERR544848.fastq.gz;ftp.sra.ebi.ac.uk/vol1/fastq/ERR544/ERR544848/ERR544848_1.fastq.gz;ftp.sra.ebi.ac.uk/vol1/fastq/ERR544/ERR544848/ERR544848_2.fastq.gz	ftp.sra.ebi.ac.uk/vol1/run/ERR544/ERR544848/WB44U06_WBItaly_rh.bam	ftp.sra.ebi.ac.uk/vol1/err/ERR544/ERR544848
PRJEB1683	SAMEA2612526	ERX509440	ERR544849	9823	Sus scrofa	ftp.sra.ebi.ac.uk/vol1/fastq/ERR544/ERR544849/ERR544849.fastq.gz;ftp.sra.ebi.ac.uk/vol1/fastq/ERR544/ERR544849/ERR544849_1.fastq.gz;ftp.sra.ebi.ac.uk/vol1/fastq/ERR544/ERR544849/ERR544849_2.fastq.gz	ftp.sra.ebi.ac.uk/vol1/run/ERR544/ERR544849/WB44U07_WBItaly_rh.bam	ftp.sra.ebi.ac.uk/vol1/err/ERR544/ERR544849
PRJEB1683	SAMEA2628062	ERX516190	ERR557121	9823	Sus scrofa	ftp.sra.ebi.ac.uk/vol1/fastq/ERR557/ERR557121/ERR557121.fastq.gz;ftp.sra.ebi.ac.uk/vol1/fastq/ERR557/ERR557121/ERR557121_1.fastq.gz;ftp.sra.ebi.ac.uk/vol1/fastq/ERR557/ERR557121/ERR557121_2.fastq.gz	ftp.sra.ebi.ac.uk/vol1/run/ERR557/ERR557121/MS20M03_Meishan1_rh.bam	ftp.sra.ebi.ac.uk/vol1/err/ERR557/ERR557121
PRJEB1683	SAMEA2628063	ERX516191	ERR557122	9823	Sus scrofa	ftp.sra.ebi.ac.uk/vol1/fastq/ERR557/ERR557122/ERR557122.fastq.gz;ftp.sra.ebi.ac.uk/vol1/fastq/ERR557/ERR557122/ERR557122_1.fastq.gz;ftp.sra.ebi.ac.uk/vol1/fastq/ERR557/ERR557122/ERR557122_2.fastq.gz	ftp.sra.ebi.ac.uk/vol1/run/ERR557/ERR557122/MS20M05_Meishan1_rh.bam	ftp.sra.ebi.ac.uk/vol1/err/ERR557/ERR557122
